date,account_value
2020-07-01,999860.4999886323
2020-07-02,1000647.6945314789
2020-07-06,1002853.9173728942
2020-07-07,999420.4041662596
2020-07-08,1001712.7140188594
2020-07-09,998848.9915896602
2020-07-10,999593.1269159693
2020-07-13,995569.6626592632
2020-07-14,1003827.3030851744
2020-07-15,1003645.7003873441
2020-07-16,1001368.3795170973
2020-07-17,1002539.0022357556
2020-07-20,1007848.0029628369
2020-07-21,1005905.435862312
2020-07-22,1008787.3913080974
2020-07-23,1000801.9991730496
2020-07-24,998464.4961739345
2020-07-27,1003817.1030455776
2020-07-28,999821.5556587216
2020-07-29,1005413.0593909451
2020-07-30,1001909.6616638182
2020-07-31,1004724.6778175351
2020-08-03,1014483.2488845823
2020-08-04,1017170.0108216855
2020-08-05,1023112.8063462827
2020-08-06,1032375.3308447263
2020-08-07,1030247.2418012999
2020-08-10,1034851.1628192137
2020-08-11,1026547.5208187865
2020-08-12,1041088.1544400023
2020-08-13,1040669.186461601
2020-08-14,1039134.7995374678
2020-08-17,1045596.2768407819
2020-08-18,1048723.3122697829
2020-08-19,1045220.0063488005
2020-08-20,1049435.8793041226
2020-08-21,1055332.3724147794
2020-08-24,1063057.7240154264
2020-08-25,1070426.1400573729
2020-08-26,1119727.7372634886
2020-08-27,1123336.9446899411
2020-08-28,1123035.2519172668
2020-08-31,1120432.135819702
2020-09-01,1133167.5043710326
2020-09-02,1142638.7888882444
2020-09-03,1107921.6549715041
2020-09-04,1093864.2918950652
2020-09-08,1071150.3265259932
2020-09-09,1096664.0522797392
2020-09-10,1082486.1042061995
2020-09-11,1085486.5594578169
2020-09-14,1098279.0093617246
2020-09-15,1104361.9488392638
2020-09-16,1099705.896743164
2020-09-17,1090844.6491500854
2020-09-18,1079312.5764665222
2020-09-21,1067798.8632106017
2020-09-22,1077238.3487709044
2020-09-23,1056226.522519989
2020-09-24,1057880.9984724424
2020-09-25,1071023.2009091186
2020-09-28,1083705.1867220686
2020-09-29,1083170.6495958709
2020-09-30,1095272.6887041472
2020-10-01,1096996.3965898894
2020-10-02,1093374.0375811004
2020-10-05,1110261.7365557097
2020-10-06,1098766.4672762298
2020-10-07,1122279.3945223235
2020-10-08,1125341.0122610473
2020-10-09,1136690.0312415694
2020-10-12,1148718.7993232345
2020-10-13,1146243.6286536788
2020-10-14,1139830.520171318
2020-10-15,1138888.9285454177
2020-10-16,1141794.431818237
2020-10-19,1126073.1756296537
2020-10-20,1133870.9495267866
2020-10-21,1131033.1098504255
2020-10-22,1128028.1861278533
2020-10-23,1128347.7711618422
2020-10-26,1103866.098248329
2020-10-27,1106137.4816452407
2020-10-28,1063792.702459755
2020-10-29,1071371.490106201
2020-10-30,1058535.9377750396
2020-11-02,1074707.2910617827
2020-11-03,1096973.652293167
2020-11-04,1101213.020803604
2020-11-05,1127092.333337631
2020-11-06,1124854.8962458419
2020-11-09,1128990.6197407912
2020-11-10,1131107.8350339888
2020-11-11,1136814.5413943862
2020-11-12,1129290.2989030075
2020-11-13,1141412.5073292921
2020-11-16,1151884.4932440566
2020-11-17,1149338.8980263518
2020-11-18,1140991.1157518767
2020-11-19,1149125.8159656143
2020-11-20,1142600.5540779494
2020-11-23,1145726.4797463608
2020-11-24,1158081.2555228805
2020-11-25,1147779.1368003844
2020-11-27,1147645.1004706572
2020-11-30,1136166.520033264
2020-12-01,1144378.664600067
2020-12-02,1142088.8143040466
2020-12-03,1144249.7035330962
2020-12-04,1160970.5725148774
2020-12-07,1154762.4592321014
2020-12-08,1159708.5632512665
2020-12-09,1157463.0065879822
2020-12-10,1157648.3708112335
2020-12-11,1163884.1041094207
2020-12-14,1151446.1495492172
2020-12-15,1174838.1000134659
2020-12-16,1167136.2866275024
2020-12-17,1172649.507053833
2020-12-18,1166445.2364886857
2020-12-21,1174494.4893831252
2020-12-22,1165983.5545318986
2020-12-23,1173020.7887916947
2020-12-24,1175295.3825580215
2020-12-28,1184643.0267024613
2020-12-29,1176524.4644237137
2020-12-30,1183136.397635994
2020-12-31,1188151.7501140214
2021-01-04,1168085.0590505218
2021-01-05,1174204.111719246
2021-01-06,1195492.7591801835
2021-01-07,1207134.7898405076
2021-01-08,1209025.2358975983
2021-01-11,1203211.9814989471
2021-01-12,1209325.6367971802
2021-01-13,1207481.8568387986
2021-01-14,1207051.63194561
2021-01-15,1196015.8264341354
2021-01-19,1198349.282588005
2021-01-20,1210462.9124850084
2021-01-21,1214503.9997037887
2021-01-22,1202009.9677287673
2021-01-25,1198232.9736426927
2021-01-26,1190019.7796271516
2021-01-27,1164969.359081459
2021-01-28,1174072.0004737473
2021-01-29,1146625.8945433425
2021-02-01,1160078.269931488
2021-02-02,1182323.5997132112
2021-02-03,1178972.9209513091
2021-02-04,1200218.2627710723
2021-02-05,1208311.9694036867
2021-02-08,1220697.063172455
2021-02-09,1218014.8018429184
2021-02-10,1216911.7040621568
2021-02-11,1219904.2470682908
2021-02-12,1220271.424573784
2021-02-16,1224887.6293035508
2021-02-17,1226468.802560997
2021-02-18,1221051.6129945756
2021-02-19,1226219.1701387407
2021-02-22,1226503.1603955461
2021-02-23,1232427.0853137588
2021-02-24,1244211.8870207598
2021-02-25,1224181.362774544
2021-02-26,1207229.5128474808
2021-03-01,1241726.0377875902
2021-03-02,1228508.2076636888
2021-03-03,1222099.8551840591
2021-03-04,1206688.6932867814
2021-03-05,1231491.482925148
2021-03-08,1237728.8276288223
2021-03-09,1239805.1878382494
2021-03-10,1251895.9183852007
2021-03-11,1256360.3590148545
2021-03-12,1270458.6426257708
2021-03-15,1278524.5869334794
2021-03-16,1272012.1965316392
2021-03-17,1282745.404104271
2021-03-18,1266864.5304802323
2021-03-19,1242599.413415413
2021-03-22,1245480.4231071854
2021-03-23,1229035.9806212236
2021-03-24,1231734.8536787797
2021-03-25,1245974.377952385
2021-03-26,1264170.5533718492
2021-03-29,1263105.6687355805
2021-03-30,1262376.0172450258
2021-03-31,1255081.093675232
2021-04-01,1261229.5852010346
2021-04-05,1274085.8920719149
2021-04-06,1267667.9878778458
2021-04-07,1273668.8853070452
2021-04-08,1275180.0624957657
2021-04-09,1286734.3031894304
2021-04-12,1279991.69554966
2021-04-13,1281834.3196796037
2021-04-14,1284264.231966591
2021-04-15,1288909.1591862107
2021-04-16,1295030.922760582
2021-04-19,1291087.0210372163
2021-04-20,1279488.3549259186
2021-04-21,1292529.2535468293
2021-04-22,1277119.925763817
2021-04-23,1287153.325584488
2021-04-26,1282856.7682080842
2021-04-27,1281446.7350851442
2021-04-28,1277312.86757988
2021-04-29,1281040.3366262056
2021-04-30,1270726.9487884524
2021-05-03,1277964.490331879
2021-05-04,1277833.7130614854
2021-05-05,1287136.1759430314
2021-05-06,1298620.436185341
2021-05-07,1307114.5163928987
2021-05-10,1302802.12384182
2021-05-11,1283194.0386882403
2021-05-12,1260706.4504011918
2021-05-13,1281707.4589561846
2021-05-14,1299781.2769438555
2021-05-17,1300292.0587654498
2021-05-18,1282191.8497075273
2021-05-19,1274532.9546072008
2021-05-20,1283701.512874756
2021-05-21,1283103.5305684283
2021-05-24,1291100.0262405016
2021-05-25,1281426.0147389604
2021-05-26,1281435.5258519365
2021-05-27,1287243.9919362261
2021-05-28,1286573.359973526
2021-06-01,1291753.7966614536
2021-06-02,1294563.418769722
2021-06-03,1293437.9260455705
2021-06-04,1300676.5518233874
2021-06-07,1291122.449459801
2021-06-08,1293562.732668381
2021-06-09,1282971.7287487031
2021-06-10,1270873.2311888507
2021-06-11,1270138.008448067
2021-06-14,1270373.4971519473
2021-06-15,1269435.2915376665
2021-06-16,1262823.0614790346
2021-06-17,1250314.6643008043
2021-06-18,1228363.7113470843
2021-06-21,1252209.6199858095
2021-06-22,1255926.447240906
2021-06-23,1251862.4135859683
2021-06-24,1258341.4239803317
2021-06-25,1260262.9796067814
2021-06-28,1257371.8746210483
2021-06-29,1262697.1554114535
2021-06-30,1264700.2457602313
2021-07-01,1271453.6234868243
2021-07-02,1283119.508995247
2021-07-06,1287301.810907326
2021-07-07,1295715.6168201067
2021-07-08,1283639.3271991352
2021-07-09,1296076.9157744602
2021-07-12,1292548.8888530734
2021-07-13,1298722.9195095066
2021-07-14,1311391.5988797762
2021-07-15,1306835.276069031
2021-07-16,1298676.8905454257
2021-07-19,1272860.4000619892
2021-07-20,1292386.8786732866
2021-07-21,1295974.7937515643
2021-07-22,1306832.482492104
2021-07-23,1320892.3173884586
2021-07-26,1321704.6745269778
2021-07-27,1312037.4133020022
2021-07-28,1301591.3846559147
2021-07-29,1306196.2093467715
2021-07-30,1304964.198031502
2021-08-02,1298582.2856644061
2021-08-03,1307543.5417782215
2021-08-04,1304171.9616810994
2021-08-05,1313084.4405757526
2021-08-06,1311060.49301075
2021-08-09,1307812.6595002369
2021-08-10,1302930.868368645
2021-08-11,1303498.921752129
2021-08-12,1316178.671773644
2021-08-13,1319550.0508741383
2021-08-16,1326273.631533394
2021-08-17,1315348.4790671924
2021-08-18,1298445.2463804248
2021-08-19,1305139.915899735
2021-08-20,1319288.6783321383
2021-08-23,1329034.0723398211
2021-08-24,1329160.3281078723
2021-08-25,1325695.578231621
2021-08-26,1323968.8976865772
2021-08-27,1327641.1204931263
2021-08-30,1342944.0362569813
2021-08-31,1335428.4852880482
2021-09-01,1340385.557923241
2021-09-02,1342412.885232735
2021-09-03,1345652.138363381
2021-09-07,1347441.06164547
2021-09-08,1338002.90901516
2021-09-09,1332238.580623093
2021-09-10,1308911.8635342412
2021-09-13,1308407.7997646716
2021-09-14,1301672.8583120732
2021-09-15,1306483.2893126681
2021-09-16,1307023.3291452792
2021-09-17,1293460.3349468617
2021-09-20,1271125.2415066152
2021-09-21,1271715.9497315602
2021-09-22,1284994.6482579808
2021-09-23,1308816.104909592
2021-09-24,1313970.7105274205
2021-09-27,1298954.7790469364
2021-09-28,1271270.6648814396
2021-09-29,1274308.9123369984
2021-09-30,1261859.7960178761
2021-10-01,1276374.1132236484
2021-10-04,1255810.7207112508
2021-10-05,1268251.4376214223
2021-10-06,1273108.5483296209
2021-10-07,1282869.149333878
2021-10-08,1280450.890558701
2021-10-11,1279050.078510285
2021-10-12,1277467.8845348363
2021-10-13,1275762.8258113102
2021-10-14,1298732.8796366886
2021-10-15,1307806.5333269506
2021-10-18,1314435.225557938
2021-10-19,1326198.3110965732
2021-10-20,1329547.3176483922
2021-10-21,1325648.373891602
2021-10-22,1331824.916236878
2021-10-25,1330229.0330854421
2021-10-26,1334721.771809197
2021-10-27,1329885.6645438771
2021-10-28,1347663.3949726492
2021-10-29,1337983.1361454397
2021-11-01,1337232.7831904988
2021-11-02,1344538.8674037557
2021-11-03,1350588.1979015737
2021-11-04,1352262.5241146474
2021-11-05,1355183.3938817983
2021-11-08,1356109.6557308203
2021-11-09,1358664.6548435215
2021-11-10,1338072.010571671
2021-11-11,1338332.7710384373
2021-11-12,1351239.5950258642
2021-11-15,1352738.215073319
2021-11-16,1357827.8735826497
2021-11-17,1365731.805462151
2021-11-18,1370046.818732987
2021-11-19,1374025.6671352773
2021-11-22,1374580.0125140767
2021-11-23,1373673.5241497427
2021-11-24,1374878.1438016896
2021-11-26,1336029.849547463
2021-11-29,1365624.2201297001
2021-11-30,1367642.8975804143
2021-12-01,1329492.3727479558
2021-12-02,1341702.9786965947
2021-12-03,1330818.295836106
2021-12-06,1351820.8519727332
2021-12-07,1388763.202223664
2021-12-08,1402191.5947102362
2021-12-09,1399967.711119538
2021-12-10,1428259.8502491766
2021-12-13,1406349.1709278875
2021-12-14,1390638.6175679022
2021-12-15,1420075.6329487616
2021-12-16,1385782.7317951971
2021-12-17,1374243.2795857245
2021-12-20,1362931.5557240301
2021-12-21,1387966.9960926825
2021-12-22,1402178.073668366
2021-12-23,1407705.1952503973
2021-12-27,1435768.6496113592
2021-12-28,1429443.4046315008
2021-12-29,1431679.7823475653
2021-12-30,1424599.2440174872
2021-12-31,1421352.0005177313
2022-01-03,1440408.243880158
2022-01-04,1425403.9547871405
2022-01-05,1387005.0551747137
2022-01-06,1377229.700331574
2022-01-07,1374593.3594654852
2022-01-10,1372335.5931233221
2022-01-11,1389875.573820954
2022-01-12,1393710.1587055975
2022-01-13,1369793.4315632635
2022-01-14,1372946.5668629461
2022-01-18,1350075.0999592596
2022-01-19,1331901.2971638495
2022-01-20,1317362.1549366766
2022-01-21,1302151.3276814276
2022-01-24,1304996.2957142645
2022-01-25,1291852.3338459784
2022-01-26,1286446.8743275458
2022-01-27,1286377.6341389471
2022-01-28,1343624.0607594305
2022-01-31,1372453.5044239813
2022-02-01,1373268.8811634833
2022-02-02,1379164.0501545721
2022-02-03,1352393.1372975165
2022-02-04,1355328.6326741034
2022-02-07,1351798.22167862
2022-02-08,1364744.4637440497
2022-02-09,1378499.6314381415
2022-02-10,1349631.8114613348
2022-02-11,1324968.1553791815
2022-02-14,1321964.9929188543
2022-02-15,1347209.1671131903
2022-02-16,1344309.8309468084
2022-02-17,1320516.6881703192
2022-02-18,1313857.8749989325
2022-02-22,1291705.8738850409
2022-02-23,1265066.4845417792
2022-02-24,1285193.4827565008
2022-02-25,1307947.919020539
2022-02-28,1310386.9207142645
2022-03-01,1299765.0473164374
2022-03-02,1324748.592696076
2022-03-03,1318140.0080250555
2022-03-04,1305465.9459828192
2022-03-07,1276823.3334492499
2022-03-08,1266410.6176899725
2022-03-09,1300182.687468415
2022-03-10,1279549.2129658514
2022-03-11,1261910.6641529852
2022-03-14,1235737.6582478338
2022-03-15,1259207.2136067206
2022-03-16,1289482.9867695624
2022-03-17,1301419.5755146795
2022-03-18,1324668.783888703
2022-03-21,1326059.2299031073
2022-03-22,1346175.4487751776
2022-03-23,1342312.3171376043
2022-03-24,1362668.268980866
2022-03-25,1367339.8397206122
2022-03-28,1374013.245482331
2022-03-29,1396348.875975495
2022-03-30,1387442.1196888739
2022-03-31,1365374.8712300116
2022-04-01,1366306.6700123602
2022-04-04,1388604.8394154364
2022-04-05,1366589.8921345526
2022-04-06,1345677.59957779
2022-04-07,1351613.9952992254
2022-04-08,1342228.433852082
2022-04-11,1313400.3306721502
2022-04-12,1320795.3690480047
2022-04-13,1338598.0029438788
2022-04-14,1311057.8313587958
2022-04-18,1308943.9753102118
2022-04-19,1327096.756758576
2022-04-20,1327676.746916657
2022-04-21,1310097.6822804266
2022-04-22,1274263.128065949
2022-04-25,1281543.6615895086
2022-04-26,1243595.6772755438
2022-04-27,1243060.2273701483
2022-04-28,1294879.6145771795
2022-04-29,1249758.694472199
2022-05-02,1256594.4384907538
2022-05-03,1263448.8083790594
2022-05-04,1310034.305662995
2022-05-05,1248569.2000721747
2022-05-06,1251694.0561817938
2022-05-09,1212884.9894856268
2022-05-10,1225866.537794953
2022-05-11,1184848.7829731756
2022-05-12,1168415.4461048895
2022-05-13,1200721.2094258124
2022-05-16,1194956.4830159002
2022-05-17,1215505.7465504461
2022-05-18,1155810.1381825262
2022-05-19,1124378.5847615057
2022-05-20,1133717.5412892157
2022-05-23,1164390.4930256659
2022-05-24,1155046.3031910711
2022-05-25,1160856.822218781
2022-05-26,1184626.7726277167
2022-05-27,1218217.693037873
